epoch,lr,train_total,train_ce,train_kl,train_kd_term,test_acc,test_loss,group_sparsity
1,0.05,2.0158656609344483,3.0963070918273927,0.05846401453495026,0.9354242325592041,50.79,2.3663471950531005,0.0
2,0.04998766400914329,1.165170249938965,2.0093732164764404,0.020060455343723298,0.32096728549957276,49.5,2.1320624298095705,0.0
3,0.04995066821070679,1.0442043793869018,1.8301128526306152,0.016143494259119033,0.25829590814590453,48.04,2.197740458679199,0.0
4,0.049889049115077,1.0394137832832337,1.811785602760315,0.016690122908353807,0.2670419665336609,46.88,2.263089917755127,0.0
5,0.04980286753286195,1.0510439446258546,1.8245292083740234,0.017347417557239533,0.2775586809158325,46.08,2.309793585205078,0.0
6,0.04969220851487845,1.060617689781189,1.8346755075073242,0.0179099920886755,0.286559873418808,45.78,2.3046684299468994,0.0
7,0.049557181268217225,1.0721891064071656,1.84865109375,0.018482944626808166,0.29572711402893065,43.65,2.4290857269287107,0.0
8,0.049397919048468686,1.0777758518981932,1.8557430095672607,0.018738043226003646,0.29980869161605833,44.76,2.3452991931915284,0.0
9,0.04921457902821578,1.0810898478317261,1.859029465637207,0.018946889414787293,0.3031502306365967,44.65,2.3357191246032714,0.0
10,0.04900734214192358,1.0832305877304078,1.8612430073928834,0.01907613555967808,0.30521816895484927,46.42,2.320289254760742,0.0
11,0.048776412907378844,1.079471330718994,1.8540807307434082,0.019053870612978936,0.30486192980766297,45.18,2.3324413040161134,0.0
12,0.04852201922385564,1.080715703048706,1.8550916133880615,0.019146236972808837,0.3063397915649414,46.28,2.280367053222656,0.0
13,0.04824441214720629,1.0755902237701416,1.8427627686309815,0.019276104852557183,0.30841767764091493,44.18,2.399631395339966,0.0
14,0.04794386564209953,1.0752400607681274,1.8432702137756347,0.019200619097948075,0.3072099055671692,45.4,2.3153949977874757,0.0
15,0.04762067631165049,1.072824050140381,1.839096938896179,0.019159447546005248,0.30655116073608396,47.76,2.218450704574585,0.0
16,0.047275163104709195,1.2469093854522706,2.0655893691253664,0.026764337694644928,0.42822940311431884,13.75,4.76696354675293,0.5998883928571429
17,0.04690766700109659,1.6447070746231078,2.591023860015869,0.043649393310546875,0.69839029296875,31.96,3.0272813659667968,0.5998883928571429
18,0.046518550675098594,1.5217980320739746,2.4337310472106934,0.038116563374996186,0.609865013999939,37.73,2.6665681171417237,0.5998883928571429
19,0.04610819813755038,1.4721277435684204,2.3671479250335694,0.03606922252178192,0.5771075603485107,38.94,2.611102571487427,0.5998883928571429
20,0.04567701435686405,1.4433105823516845,2.325894037704468,0.03504544526338577,0.5607271242141724,34.39,2.8573653995513917,0.5998883928571429
21,0.04522542485937369,1.4230365406036376,2.297786558380127,0.03426790779352188,0.5482865246963501,39.81,2.547493588256836,0.5998883928571429
22,0.04475387530939226,1.408012500228882,2.2751167808532715,0.0338067635846138,0.5409082173538208,39.19,2.6338167404174806,0.5998883928571429
23,0.044262831069394735,1.3945679444122314,2.255715733795166,0.03333875954151153,0.5334201526641845,38.35,2.7025295642852782,0.5998883928571429
24,0.043752776740761494,1.3869081062316895,2.2429964112854,0.03317623779296875,0.5308198046875,39.62,2.6180165977478027,0.5998883928571429
25,0.04322421568553529,1.3779472857666015,2.2303261627197264,0.03284802567362785,0.5255684107780456,39.91,2.643428024673462,0.5998883928571429
26,0.04267766952966369,1.3658898666763306,2.211824882507324,0.03249717852950096,0.5199548564720153,40.73,2.5397653392791746,0.5998883928571429
27,0.04211367764821722,1.357918125038147,2.1997778740310667,0.03225364868402481,0.516058378944397,40.31,2.5706987102508543,0.5998883928571429
28,0.0415327966330913,1.357802537612915,2.1989062192535402,0.032293678501844406,0.5166988560295105,38.86,2.634890787124634,0.5998883928571429
29,0.040935599743717244,1.3511348560333252,2.1868022821044923,0.03221671452283859,0.5154674323654175,37.77,2.7245466526031494,0.5998883928571429
30,0.040322676341324415,1.343840527267456,2.1763396352386475,0.031958838790655135,0.5113414206504822,39.26,2.6220102157592775,0.5998883928571429
31,0.03969463130731184,1.338386071548462,2.170465793609619,0.03164414708733559,0.5063063533973694,41.5,2.5537131187438966,0.5998883928571429
32,0.03905208444630327,1.3324281510543823,2.1590127396392824,0.03161522268891335,0.5058435630226136,42.01,2.4724105937957765,0.5998883928571429
33,0.038395669874474916,1.3278309799575805,2.151027872314453,0.031539630403518676,0.5046340864562988,40.18,2.598136408996582,0.5998883928571429
34,0.03772603539375929,1.3264940405654908,2.148247022628784,0.0315463162368536,0.5047410597896576,40.91,2.5536332366943357,0.5998883928571429
35,0.037043841852542884,1.3177487421798706,2.1360785368347166,0.031213684064149858,0.4994189450263977,38.11,2.6900590488433838,0.5998883928571429
36,0.03634976249348867,1.3160327072906495,2.1320317892456053,0.03125210126280785,0.5000336202049256,40.46,2.573031147003174,0.5998883928571429
37,0.03564448228912682,1.3088924269104003,2.1213163669586184,0.031029280357360838,0.4964684857177734,38.05,2.7060814506530764,0.5998883928571429
38,0.034928697265869516,1.3049369011688232,2.1157618968200684,0.030881993949413298,0.49411190319061277,42.42,2.45172400932312,0.5998883928571429
39,0.03420311381711696,1.3011544733428955,2.109556346359253,0.03079703746318817,0.49275259941101074,41.06,2.5496635471343994,0.5998883928571429
40,0.033468448006132294,1.2987944507980347,2.106370705795288,0.030701137297153472,0.49121819675445555,40.55,2.5478644512176514,0.5998883928571429
41,0.032725424859373686,1.2910709774398803,2.0940335906982424,0.030506772879362105,0.4881083660697937,39.44,2.61933210105896,0.5998883928571429
42,0.03197477765098074,1.2883554946899414,2.088676831474304,0.030502134902477263,0.4880341584396362,41.7,2.5074067893981935,0.5998883928571429
43,0.031217247179121367,1.2806967975234986,2.0780277267837524,0.030210366883277894,0.4833658701324463,41.51,2.5296578643798826,0.5998883928571429
44,0.03045358103491357,1.276369513015747,2.0715964153289796,0.03007141306757927,0.4811426090812683,43.12,2.4401783794403076,0.5998883928571429
45,0.02968453286464312,1.2731957997131347,2.0660916624069214,0.030018746384978295,0.4802999421596527,43.71,2.3688473289489744,0.5998883928571429
46,0.028910861626005774,1.265610542602539,2.054488221435547,0.029795803747177125,0.476732859954834,44.09,2.3514336387634276,0.5998883928571429
47,0.028133330839107615,1.2628121380233766,2.050639034347534,0.029686577869653702,0.47498524591445923,45.27,2.3435493614196776,0.5998883928571429
48,0.02735270783296286,1.256349182281494,2.039768134231567,0.029558139498233795,0.4729302319717407,43.76,2.413774010848999,0.5998883928571429
49,0.02656976298823284,1.2532332020187378,2.0361842637252807,0.02939263372540474,0.47028213960647586,40.88,2.564909885406494,0.5998883928571429
50,0.02578526897695321,1.2448892340087891,2.0205871495056154,0.029324457448720934,0.46919131917953494,43.26,2.428556639099121,0.5998883928571429
51,0.025,1.2396197889709473,2.0157905657196045,0.028965563526153565,0.46344901641845704,41.52,2.5205064064025877,0.5998883928571429
52,0.024214731023046793,1.2344023315429689,2.0068056520843505,0.02887493825316429,0.46199901205062865,44.38,2.348216100692749,0.5998883928571429
53,0.023430237011767167,1.2296434768676758,2.000106859893799,0.028698755898475647,0.45918009437561036,46.6,2.2570640632629395,0.5998883928571429
54,0.022647292167037144,1.2235168901062012,1.9909691536712646,0.02850403934955597,0.4560646295928955,45.71,2.3241210285186766,0.5998883928571429
55,0.0218666691608924,1.2189957906723023,1.9839391262817383,0.028378278414011002,0.45405245462417604,46.06,2.3019818576812745,0.5998883928571429
56,0.021089138373994232,1.2112086763381957,1.97239138092041,0.028126623171567916,0.45002597074508666,45.77,2.2969009567260743,0.5998883928571429
57,0.020315467135356886,1.2061720462799073,1.9646663317108155,0.0279798599845171,0.4476777597522736,45.38,2.3237522830963133,0.5998883928571429
58,0.019546418965086444,1.1980041455841064,1.9516807080078125,0.02777047414302826,0.44432758628845215,45.39,2.3183603092193605,0.5998883928571429
59,0.01878275282087863,1.1912397647857667,1.9424609634017944,0.02750116017460823,0.4400185627937317,44.29,2.388204244995117,0.5998883928571429
60,0.018025222349019272,1.1860244528961181,1.9349970040130615,0.027315743723511695,0.4370518995761871,45.97,2.322575983428955,0.5998883928571429
61,0.017274575140626323,1.1811600678253174,1.9265836982727051,0.02723352737426758,0.43573643798828127,45.44,2.343532551956177,0.5998883928571429
62,0.016531551993867716,1.1728084224700928,1.9150103032684327,0.026912908811569214,0.4306065409851074,43.99,2.4151935028076172,0.5998883928571429
63,0.01579688618288306,1.1652527364349365,1.9030856206512452,0.026713740854263306,0.4274198536682129,47.32,2.218865521621704,0.5998883928571429
64,0.015071302734130482,1.1588058555603027,1.8936292008209228,0.026498906869888306,0.4239825099182129,47.77,2.205952215576172,0.5998883928571429
65,0.014355517710873185,1.1495539890289306,1.8792274892425538,0.026242530512809753,0.41988048820495605,49.21,2.120856902694702,0.5998883928571429
66,0.013650237506511332,1.1453305493545531,1.872591389694214,0.026129357039928438,0.418069712638855,48.07,2.1759673023223876,0.5998883928571429
67,0.012956158147457115,1.135797777557373,1.8593281296539306,0.025766714148521424,0.4122674263763428,48.95,2.126791376876831,0.5998883928571429
68,0.012273964606240717,1.1305916841506958,1.8505072410583496,0.025667258081436158,0.41067612930297853,49.2,2.1558980247497557,0.5998883928571429
69,0.01160433012552508,1.123084497051239,1.8398585415267945,0.02539440348625183,0.4063104557800293,48.03,2.17933401184082,0.5998883928571429
70,0.010947915553696733,1.115539160232544,1.8281889088058472,0.025180588129758836,0.4028894100761414,49.18,2.128613008117676,0.5998883928571429
71,0.010305368692688175,1.1078820526504516,1.8171109659576417,0.024915821138620377,0.39865313821792603,49.03,2.1455099138259888,0.5998883928571429
72,0.009677323658675586,1.1035055449485778,1.8111176841735839,0.024743337714076042,0.3958934034252167,49.9,2.11882809677124,0.5998883928571429
73,0.009064400256282757,1.0939347960662842,1.7954455223464967,0.024526504380106926,0.3924240700817108,49.79,2.1039661151885984,0.5998883928571429
74,0.008467203366908708,1.088006413383484,1.7859726630401611,0.024377510204315184,0.39004016326904295,51.01,2.0680633358001708,0.5998883928571429
75,0.007886322351782783,1.0793622914505006,1.7744589046478272,0.02401660501599312,0.3842656802558899,50.62,2.063006351470947,0.5998883928571429
76,0.0073223304703363135,1.0701636678695678,1.7577583717346192,0.023910560307502746,0.38256896492004394,50.99,2.047844246673584,0.5998883928571429
77,0.006775784314464717,1.0625153394317628,1.7471297220993043,0.023618809988498687,0.377900959815979,50.66,2.0587674922943116,0.5998883928571429
78,0.0062472232592385105,1.056294999847412,1.7367401944732666,0.02349061258852482,0.3758498014163971,52.0,1.993596117401123,0.5998883928571429
79,0.005737168930605272,1.0464622052383423,1.7223421653366089,0.02316139046907425,0.370582247505188,51.04,2.0533830009460448,0.5998883928571429
80,0.00524612469060774,1.0408428893661499,1.713248419189453,0.023027334904670717,0.36843735847473147,52.13,2.011830464553833,0.5998883928571429
81,0.004774575140626317,1.031477106742859,1.6982479695892334,0.022794140385985373,0.36470624617576597,52.02,1.993034589767456,0.5998883928571429
82,0.004322985643135957,1.025297967453003,1.6895057541275025,0.02256813599586487,0.3610901759338379,52.5,1.9648161388397216,0.5998883928571429
83,0.003891801862449629,1.01685511177063,1.675599083175659,0.022381946380138396,0.35811114208221434,53.1,1.958981530380249,0.5998883928571429
84,0.0034814493249014063,1.0100002522659302,1.6647870887756349,0.022200838459730147,0.35521341535568235,53.44,1.939611452102661,0.5998883928571429
85,0.0030923329989034107,1.0032947806930541,1.6536023329162597,0.02206170185625553,0.3529872297000885,52.9,1.953676364517212,0.5998883928571429
86,0.0027248368952908055,0.9959644388580322,1.6424215367507935,0.021844208958148956,0.3495073433303833,53.71,1.9295345520019531,0.5998883928571429
87,0.0023793236883495163,0.9902598669433593,1.6324866005325318,0.021752070779800414,0.3480331324768066,53.64,1.9305488838195801,0.5998883928571429
88,0.0020561343579004773,0.9837723547363281,1.6232574126434327,0.02151795599102974,0.34428729585647583,54.19,1.9165804626464844,0.5998883928571429
89,0.0017555878527937164,0.9765726630020142,1.6103685715103149,0.02142354714989662,0.34277675439834593,54.06,1.9055826866149903,0.5998883928571429
90,0.0014779807761443637,0.9710980347824096,1.601937462310791,0.021266162819862367,0.3402586051177979,54.65,1.8933206375122071,0.5998883928571429
91,0.0012235870926211618,0.9658208512306213,1.5928283711624145,0.021175833223462105,0.3388133315753937,54.59,1.8898465293884277,0.5998883928571429
92,0.0009926578580764262,0.9606211712646484,1.5851993816757202,0.021002685095071794,0.3360429615211487,54.94,1.8813180038452149,0.5998883928571429
93,0.0007854209717842259,0.9553564488601685,1.5764905973434449,0.02088889401614666,0.33422230425834654,54.63,1.8777322242736816,0.5998883928571429
94,0.0006020809515313169,0.9485790691947937,1.565911152229309,0.020702936609387396,0.33124698575019834,55.1,1.871900687789917,0.5998883928571429
95,0.000442818731782782,0.944022573890686,1.558101298904419,0.020621490675807,0.329943850812912,55.24,1.8640274841308593,0.5998883928571429
96,0.00030779148512155856,0.9391309421157837,1.5515460007858277,0.0204197427213192,0.3267158835411072,55.0,1.8612289058685303,0.5998883928571429
97,0.0001971324671380559,0.9342720184326172,1.5431242728042602,0.020338735336065294,0.3254197653770447,55.31,1.860956453704834,0.5998883928571429
98,0.0001109508849230001,0.9267606452178955,1.5303955448150635,0.020195359112024306,0.3231257457923889,55.31,1.8461105659484864,0.5998883928571429
99,4.933178929321103e-05,0.924054216003418,1.5267768985748291,0.020083220714330673,0.3213315314292908,55.35,1.8482286262512206,0.5998883928571429
100,1.233599085671e-05,0.9176589025688171,1.5172065858459474,0.019881951143741607,0.3181112182998657,55.56,1.844207783126831,0.5998883928571429
